Deck 1	Deck 2	Number of Games	Player 1 WIN_RATE	Player 1 GAMES_WON	Player 1 GAMES_LOST	Player 1 DAMAGE_DEALT	Player 1 HEALING_DONE	Player 1 MANA_SPENT	Player 1 CARDS_PLAYED	Player 1 TURNS_TAKEN	Player 1 ARMOR_GAINED	Player 1 CARDS_DRAWN	Player 1 FATIGUE_DAMAGE	Player 1 MINIONS_PLAYED	Player 1 SPELLS_CAST	Player 1 HERO_POWER_USED	Player 1 WEAPONS_EQUIPPED	Player 1 WEAPONS_PLAYED	Player 1 CARDS_DISCARDED	Player 2 WIN_RATE	Player 2 GAMES_WON	Player 2 GAMES_LOST	Player 2 DAMAGE_DEALT	Player 2 HEALING_DONE	Player 2 MANA_SPENT	Player 2 CARDS_PLAYED	Player 2 TURNS_TAKEN	Player 2 ARMOR_GAINED	Player 2 CARDS_DRAWN	Player 2 FATIGUE_DAMAGE	Player 2 MINIONS_PLAYED	Player 2 SPELLS_CAST	Player 2 HERO_POWER_USED	Player 2 WEAPONS_EQUIPPED	Player 2 WEAPONS_PLAYED	Player 2 CARDS_DISCARDED
Tempo Rogue	Jade Druid	10000	0.5292	5292	4708	696071	1387	516648	237588	133320	5153	134695	174	355046	33171	37301	37119	132	4	0.4706	4706	5294	1250430		628290	212561	132496	143887	202255	21033	188349	124317	38103			
Big Spell Mage	Midrange Hunter	10000	0.0953	953	9047	884535	5986	379306	163064	109772	12571	119041	374	141561	38860	59038	2041			0.9046	9046	954	326446	923	360903	157103	113198		112999	355	248609	9076	31027	16171	16171	
Midrange Hunter	Highlander Priest	10000	0.9799	9799	201	275981	673	342689	150217	105660		105696		233032	8260	26604	15218	15211		0.0201	201	9799	739765	105156	316451	196609	101567	2291	131590	1981	121868	69115	65121	318	306	100
Cube Warlock	Highlander Priest	10000	0.8425	8425	1575	940624	267629	779812	275954	176648	64	234766	23416	344674	78219	56906	5709	5709	21758	0.1574	1574	8426	1229303	194976	714814	386890	175133	8465	223656	42678	245468	126652	133330	163	98	982
Spiteful Priest	Aggro Hunter	10000	0.7051	7051	2949	625741	45180	340132	155924	102681		104328		198511	8169	55591	767	724	247	0.2946	2946	7054	770786		321673	149604	101558		101558		196716	21202	26376	15072	15072	
Aggro Druid	Spiteful Priest	10000	0.2203	2203	7797	972172		299088	178153	109172	29827	112023		245723	48709	29827				0.7795	7795	2205	679112	49182	382730	174757	110761		113833	10	210224	11020	63732	54	7	361
Elemental Priest	Exodia Mage	10000	0.5205	5205	4795	925665	191382	840293	433836	186362	9745	250141	111954	279764	155612	135406	79	1	598	0.4722	4722	5278	722427	5771	895569	424112	190725	57078	259448	68990	271575	196849	102349	4		73
Big Spell Mage	Highlander Priest	10000	0.8652	8652	1348	943140	14514	911643	321537	194246	27698	207935	2316	312669	79191	103987	6811		24	0.1344	1344	8656	1033890	177569	760518	405557	194662	9702	232944	79466	258720	130539	146629	57		626
Token Shaman	Highlander Priest	10000	0.9536	9536	464	510726	15262	574300	276214	156264	2139	180577	1127	349771	86671	47805	12813	12677	239	0.0464	464	9536	1232381	157477	595567	339793	153867	6002	197929	29478	211098	112237	119222	261	224	454
Jade Druid	Exodia Mage	10000	0.9008	9008	992	487472		821525	274093	158643	185274	264086	96865	213090	162772	45701				0.0968	968	9032	859369	315	706584	349583	160008	64819	222998	28953	211894	163125	88838			
Secret Mage	Big Spell Mage	10000	0.3601	3601	6399	749092	1207	532240	287139	146576	2009	192998	58760	211778	103757	80632	5721	5696		0.6399	6399	3601	694792	6898	603127	227473	144238	21557	155305	520	204727	57402	75424	3893		
Secret Mage	Cube Warlock	10000	0.1831	1831	8169	940227	1980	488486	272063	135649	1872	175518	40533	202876	95036	75217	4487	4487	88	0.8165	8165	1835	737180	217606	570638	206925	136402		186542	3465	254002	65076	39208	4112	4112	17463
Aggro Paladin	Miracle Rogue	10000	0.8749	8749	1251	328914		278090	146256	92793		100221	13	217916	33470	21017	15600	15339		0.125	1250	8750	550403	3599	280168	171938	90525		130348	3343	135541	90753	23578	24053	681	
Big Priest	Elemental Priest	10000	0.8796	8796	1204	637519	269064	959017	340176	203081	25	200604	8979	151050	174355	113525	1133	1133	16	0.1188	1188	8812	1076712	140320	849734	438732	202377	9896	239891	51574	281375	143142	152219	127	58	677
Aggro Druid	Demon Warlock	10000	0.5078	5078	4922	670733	12	430832	242847	159376	53175	159005	8608	324081	68895	53166				0.4912	4912	5088	1350345	228807	778246	245914	160247		193272	45566	283668	90261	45860	8	8	1465
Dragon Priest	Big Spell Mage	10000	0.874	8740	1260	572694	93524	700601	261713	161277	701	162089	5733	338431	19918	89371	253	31	806	0.1256	1256	8744	1458817	13331	660862	254733	158709	18572	167357	7909	225344	63689	90185	4554		
Aggro Paladin	Cube Warlock	10000	0.5041	5041	4959	633676		416858	201804	123691		149019	5190	271200	50030	34068	28098	26777		0.4948	4948	5052	1054452	206381	489176	183849	123502		171821	4937	231224	60070	35419	3641	3564	14512
Token Shaman	Mill Rogue	10000	0.9769	9769	231	364475	9305	536401	250689	127045	1344	174602	8260	352246	76045	27484	11041	10891	300	0.0226	226	9774	577470	10727	406367	239622	124299	157	154039	1480	168757	100588	34526	52100	17585	42
Aggro Paladin	Zoo Warlock	10000	0.2655	2655	7345	650558		278309	146098	95838		103013	31	203275	35909	25348	17633	17184		0.7345	7345	2655	620024	1827	300348	163481	97792		137909	29	262773	15657	24856			23640
Miracle Rogue	Highlander Priest	10000	0.5313	5313	4687	572571	12599	584636	310677	149526	60	248488	31467	279422	144790	45904	43927	182	6	0.4684	4684	5316	982476	164621	604838	324783	148084	6140	197673	12118	247638	103510	102512	63	24	400
Zoo Warlock	Tempo Rogue	10000	0.6828	6828	3172	782273	3480	332602	177037	102825		145196	137	286751	16038	27025			25059	0.3172	3172	6828	713173	3082	340698	173573	101673	67	102114	11	258871	26098	26334	26123	70	1250
Big Spell Mage	Aggro Hunter	10000	0.2658	2658	7342	885172	6656	424857	174663	115619	15781	124789	243	163749	43175	60539	2482	1		0.7339	7339	2661	432261		372764	170260	117704		117635	112	222670	23983	33924	17069	17069	
Token Shaman	Midrange Hunter	10000	0.3764	3764	6236	920162	10158	392288	192234	112842	1300	129976	230	256778	63812	29977	9402	9324	175	0.6233	6233	3767	739292	2460	377155	165381	113522	297	113841	12	259233	9495	30432	16993	16976	19
Elemental Priest	Aggro Hunter	10000	0.1265	1265	8735	796815	124122	373460	222699	111117	2878	141955	1930	148751	78825	72246	340	327	154	0.8732	8732	1268	391782	115	375259	169891	114319		114396		224634	22061	31002	16542	16542	
Murloc Paladin	Big Priest	10000	0.849	8490	1510	252075	542	333286	166822	106281		131120	17010	259690	28088	19873	8595	8595		0.1508	1508	8492	601627	142788	306764	151256	102213		101646	1362	34420	77173	63246	197	197	
Murloc Paladin	Cube Warlock	10000	0.7101	7101	2899	585009		401152	203689	121584		143947	8979	319315	33620	30667	10523	10523		0.2893	2893	7107	1066237	195652	454759	175488	120457		163402	9422	206814	57633	36152	3450	3450	12908
Zoo Warlock	Mill Rogue	10000	0.9179	9179	821	392547	2931	382608	203485	106501		172884	4240	335805	17184	25071			30142	0.0821	821	9179	504676	6759	306507	190628	103225		126737	165	129182	81587	29323	42828	13505	
Elemental Priest	Demon Warlock	10000	0.2132	2132	7868	1214836	198472	801632	430722	201857	9012	233408	82194	265381	143225	158489	66		619	0.7856	7856	2144	1044426	253882	1071215	322414	202007	81	243019	49120	387227	107594	60580	13	11	2268
Big Priest	Aggro Druid	10000	0.3761	3761	6239	754687	208697	489878	209525	131852		129097	8146	65256	106667	81097	472	472		0.6232	6232	3768	441178	1275	366886	214032	133446	40491	137081	1252	280890	56438	40491	10	10	
Tempo Rogue	Demon Warlock	10000	0.6037	6037	3963	609300	4709	583020	270702	163238	300	161206	5245	394943	36775	53817	52427	133	1513	0.3955	3955	6045	1590095	244054	795042	252565	162961		198825	44183	311840	92723	47329	12	12	1712
Tempo Rogue	Big Spell Mage	10000	0.6203	6203	3797	486089	444	517331	240662	141577	1070	141817	2179	355720	35215	42445	42186	132	4	0.3795	3795	6205	1213850	11698	576325	223088	139792	19728	151931	2079	211915	56791	76185	3846		
Murloc Paladin	Highlander Priest	10000	0.9775	9775	225	262238	81	333881	168500	106430		124955	1013	265217	27951	20963	8156	8156	1	0.0224	224	9776	734296	98014	314598	201135	102430	2332	132017	5738	121416	70080	69262	111	103	133
Aggro Hunter	Midrange Hunter	10000	0.2697	2697	7303	623502		264996	127279	88938		88938		168303	18400	21893	12893	12893		0.7284	7284	2716	527536	1571	267952	126535	90502		90502		202770	6569	21683	13208	13208	
Big Priest	Mill Rogue	10000	0.7165	7165	2835	661892	273140	954458	317962	200901		227485	72735	147782	161041	103211	989	989		0.2788	2788	7212	532285	51040	717537	381674	199550		233159	42883	280641	150736	48088	84013	35925	
Aggro Paladin	Mill Rogue	10000	0.9629	9629	371	264790		368179	190926	105044		134931	3010	280829	40917	22439	20165	19794		0.0367	367	9633	495128	5944	299259	186173	101642		124623	390	137896	79901	27911	40944	13033	
Murloc Paladin	Miracle Rogue	10000	0.9825	9825	175	226631		246626	132383	84041		89503	15	220129	19707	14323	5207	5207		0.0174	174	9826	499353	2487	222806	146587	80809	14	109244	1197	99941	80559	20626	21051	583	
Aggro Druid	Midrange Hunter	10000	0.2767	2767	7233	791997		270572	163183	99781	25651	104522		225902	44702	25651				0.723	7230	2770	611358	1780	315716	143675	101163		101163		223891	7700	25913	14807	14807	
Aggro Hunter	Highlander Priest	10000	0.8822	8822	1178	391162	37	377754	171158	115068		115163		226153	22200	31328	16561	16561	1	0.1177	1177	8823	803117	122362	375864	222834	111911	3265	145522	3910	151281	76585	73137	287	275	155
Tempo Rogue	Mill Rogue	10000	0.9776	9776	224	305875	84	483138	234978	116082		142450	1632	370955	32674	25618	26352	734		0.0224	224	9776	579813	9223	352223	212848	113441		139129	636	157085	89700	31931	47155	15224	
Demon Warlock	Exodia Mage	10000	0.6646	6646	3354	894221	271963	1012923	304190	191063		238986	129073	367737	108870	54256	12	12	2114	0.3278	3278	6722	911993	3141	897939	423414	196755	70457	249546	109623	241043	210300	111207	1	1	23
Elemental Priest	Big Spell Mage	10000	0.1665	1665	8335	1034040	185089	775230	412932	195605	9949	229327	67328	257463	138947	147440	79	1	602	0.8335	8335	1665	958761	15756	917649	323305	195254	27361	208415	2874	313983	79970	104494	6889	1	20
Tempo Rogue	Exodia Mage	10000	0.9797	9797	203	250726	263	523932	246575	134843	444	157910	1196	364290	37679	36108	36006	126	2	0.0203	203	9797	929923	221	532065	279806	133494	52376	186266	11186	179536	123704	77430	2	2	
Big Priest	Secret Mage	10000	0.7126	7126	2874	496929	238696	615176	237861	150872		150412	937	78381	125509	84916	500	500		0.2868	2868	7132	774055	2385	579517	310049	153319	1464	203099	82926	242442	106040	81617	5802	5802	12
Murloc Paladin	Token Shaman	10000	0.5113	5113	4887	824917	396	386925	200341	121524	250	133356	1459	314561	33268	32341	10304	10304	52	0.4877	4877	5123	877182	13441	418273	208688	121456	1350	138605	463	273252	68947	35444	10167	10077	183
Aggro Paladin	Midrange Hunter	10000	0.294	2940	7060	649006		276194	143557	94605		102196	10	199321	35311	23974	17144	16802		0.7059	7059	2941	550188	1549	288922	134602	95542		95542		216360	7010	24041	13988	13988	
Dragon Priest	Aggro Druid	10000	0.7076	7076	2924	742636	52820	418137	183634	115811		118468		221055	12060	66783	67	7	466	0.2922	2922	7078	929610		316851	187784	114891	32152	118056	1	256728	51086	32152			
Zoo Warlock	Spiteful Priest	10000	0.3998	3998	6002	1034966	9360	381053	199710	114362		161685	1435	312821	17522	33120			27624	0.6	6000	4000	816791	60751	412160	183472	114212		116935	20	224903	10483	66202	91	11	1698
Aggro Druid	Exodia Mage	10000	0.9718	9718	282	242291		384836	223662	131087	37780	156956	115	288113	62774	37780				0.0281	281	9719	840990	285	510434	272521	130668	48376	179540	17149	162019	120011	77157			
Miracle Rogue	Big Spell Mage	10000	0.231	2310	7690	604550	269	523124	294946	146382	1732	239100	38211	252544	147618	46011	45774	189	3	0.7689	7689	2311	940906	9132	628548	238831	145154	24323	159191	238	249184	57511	74504	4132		50
Dragon Priest	Mill Rogue	10000	0.9803	9803	197	372317	56173	583501	225378	133763		166735	4101	308475	14381	63251	612	545	1348	0.0194	194	9806	630874	16258	435598	253132	131512		162089	4888	177267	105624	36296	55581	19285	
Dragon Priest	Elemental Priest	10000	0.985	9850	150	428561	66305	601773	232720	141657	3	149393	114	299245	15918	75019	81	14	1041	0.0148	148	9852	1086544	140329	521478	294358	137941	4784	176337	7255	185612	100818	98782	37		308
Dragon Priest	Token Shaman	10000	0.6461	6461	3539	1065852	62665	611939	243430	143312	359	148329	927	298965	19112	84346	729	613	946	0.3539	3539	6461	1257928	11353	518638	253147	142926	1839	163108	3294	330487	82032	43426	12384	12239	235
Murloc Paladin	Midrange Hunter	10000	0.5548	5548	4452	674530		306304	162110	100603		108772	53	258177	26528	23899	7717	7717		0.4447	4447	5553	647210	1836	303668	141117	99924		99924		217710	7662	26591	14952	14952	
Midrange Hunter	Jade Druid	10000	0.7357	7357	2643	557192	1666	399213	171059	117376		117364	16	265524	9430	31848	17601	17601		0.264	2640	7360	1002167		506794	176562	115755	115683	169818	14029	142218	103545	33007			
Dragon Priest	Miracle Rogue	10000	0.9434	9434	566	454979	50213	404209	171164	109052		112746	1	230103	12449	53119	56	24	536	0.0564	564	9436	735180	6338	367418	212459	107276	17	158351	6184	168365	107493	30041	29388	141	
Secret Mage	Token Shaman	10000	0.0823	823	9177	919067	1337	408688	239613	121177	2027	151697	16428	171598	82584	71397	3504	3503	36	0.9176	9176	824	477045	12922	444081	211389	123360	1340	143959	512	269779	70383	32082	10568	10534	143
Aggro Paladin	Dragon Priest	10000	0.4328	4328	5672	763526		366974	179365	110314		138259	2508	245938	44412	27339	23329	22554		0.5672	5672	4328	727774	41567	381455	170629	109238		110839		212481	10828	63457	830	741	406
Aggro Paladin	Spiteful Priest	10000	0.3442	3442	6558	820461		351723	173925	107246		133928	1905	238980	43265	26689	22367	21615		0.6557	6557	3443	693312	41280	363441	167917	106902		108644	6	209004	10168	62353	860	772	430
Big Spell Mage	Demon Warlock	10000	0.654	6540	3460	1343641	23845	958204	347422	212262	19335	221412	25494	313386	93274	122854	6082	2	1	0.3453	3453	6547	1385855	306032	1070042	329560	214205		228123	155226	403915	124232	72402	29	28	2005
Murloc Paladin	Zoo Warlock	10000	0.5489	5489	4511	688991		310579	166634	102267		109562	195	265614	27130	26159	7979	7979		0.4504	4504	5496	762861	4155	324609	175536	102948		144928	171	274944	16177	28058			24554
Zoo Warlock	Aggro Hunter	10000	0.663	6630	3370	641970	744	281725	153907	92332		128812		248771	15151	22213			22340	0.337	3370	6630	631643		269717	130369	90504		90504		171619	18876	22641	13186	13186	
Big Spell Mage	Exodia Mage	10000	0.8951	8951	1049	793197	11672	903143	315253	186394	33578	225948	14555	311421	80884	96037	6634			0.1038	1038	8962	838837	819	874260	412145	193788	68686	247938	103292	239942	204431	105069	101	1	6
Miracle Rogue	Elemental Priest	10000	0.5195	5195	4805	568023	12645	573998	306357	147616	42	243685	28579	274574	142683	45568	43395	233	4	0.4804	4804	5196	969788	168195	597515	323171	146083	5818	190728	7338	241702	107598	100331	36	12	351
Murloc Paladin	Secret Mage	10000	0.9565	9565	435	280072		297283	153348	97936		108495	52	239905	25008	19601	7142	7142		0.0431	431	9569	671462	616	268268	169742	94401	1280	108001	3615	117894	58123	52898	1839	1839	
Elemental Priest	Aggro Druid	10000	0.1259	1259	8741	1010406	157674	474741	281007	131360	4571	165718	21060	170916	97585	96998	30		275	0.8738	8738	1262	430223	491	367356	215012	133564	39987	137372	17	284540	55579	39993			
Aggro Paladin	Big Spell Mage	10000	0.5909	5909	4091	435877		426937	201644	126130		156920	18763	267879	51694	34568	29569	28419		0.4091	4091	5909	974516	9396	476436	193592	123891	17996	136607	106	182788	47956	68028	2858	1	
Dragon Priest	Big Priest	10000	0.833	8330	1670	538088	64539	706871	259235	158634	15	158482	5628	329950	22009	83142	159	72	1058	0.166	1660	8340	1001966	220047	628119	253700	156090		149559	20136	80353	133026	94488	711	711	13
Elemental Priest	Jade Druid	10000	0.0553	553	9447	1129748	178617	654448	356833	160099	8869	205001	18327	222432	124531	119256	34		472	0.9444	9444	556	616733	1195	830883	277593	163027	186156	248290	38517	233785	155233	48582	1		8
Dragon Priest	Zoo Warlock	10000	0.487	4870	5130	864915	62533	430615	186607	116638		119069	92	227687	11245	67467	102	8	1853	0.5129	5129	4871	972737	11166	396392	206025	117944		166262	2085	322709	17543	34612			28287
Dragon Priest	Spiteful Priest	10000	0.3606	3606	6394	1192487	58905	579056	224763	137527		140672	1604	284222	15029	76188	122	19	667	0.6392	6392	3608	1054435	59191	586737	229100	138948		142994	1662	293610	14574	76346	118	19	690
Dragon Priest	Demon Warlock	10000	0.943	9430	570	672293	112729	786067	293048	176626	36	176252	9058	372542	24464	102866	130	39	859	0.0569	569	9431	1877460	246646	847164	272955	175652		201592	90488	317087	101358	56436	14	14	1687
Secret Mage	Aggro Hunter	10000	0.2252	2252	7748	692042	602	293275	178639	98561	1096	114515	2167	137500	61210	52505	2126	2126		0.7746	7746	2254	385209		323221	147428	100729		100729		195850	20331	24767	14490	14490	
Tempo Rogue	Cube Warlock	10000	0.541	5410	4590	746256	4328	519504	244218	138111	250	138553	706	363401	32750	40142	39414	128	1762	0.4584	4584	5416	1382368	243210	560148	208376	137804		185805	13350	269386	65962	42111	4173	4173	16137
Cube Warlock	Aggro Hunter	10000	0.4503	4503	5497	929645	189874	423844	163179	112781		156621	1462	198312	54059	31095	3032	3032	13414	0.5475	5475	4525	613678		369081	169519	112909		112906	3	221607	22538	31530	16977	16977	
Tempo Rogue	Miracle Rogue	10000	0.9184	9184	816	346596	35	339928	172665	96965		97628		271302	25935	21720	22219	499	1	0.0816	816	9184	629912	86	298807	182466	94763	6	135810	2450	143748	94675	25207	25847	640	1
Murloc Paladin	Aggro Hunter	10000	0.828	8280	1720	513551		274839	145763	92933		99167	1	238946	23337	19600	6504	6504		0.1703	1703	8297	624700		263450	128786	90289		90289		166522	19054	23151	13367	13367	
Secret Mage	Aggro Druid	10000	0.1847	1847	8153	797039	949	347003	207921	109677	1344	132421	9643	148453	71186	62603	2758	2758		0.8153	8153	1847	430293		307837	180219	111286	29819	113949		237153	48808	29819			
Secret Mage	Midrange Hunter	10000	0.0652	652	9348	678199	621	270173	167299	94250	1216	108566	2405	119785	57249	50346	1896	1896		0.9347	9347	653	299655	1158	305223	136919	97430		97430		212178	7144	23341	13748	13748	
Tempo Rogue	Highlander Priest	10000	0.8986	8986	1014	397195	6253	505042	235101	133586		134507	22	348777	32426	37768	36513	151	3	0.1014	1014	8986	1043131	145384	475240	275194	130456	4178	170490	10485	185246	92653	92749	40	16	245
Murloc Paladin	Jade Druid	10000	0.6702	6702	3298	599536		404987	202681	119707		147796	14653	317937	33715	27416	10454	10454		0.329	3290	6710	972819		523375	181790	117838	120000	174171	17871	148756	107211	33672			
Mill Rogue	Aggro Druid	10000	0.0243	243	9757	554760	10976	354228	213006	113907		139911	2421	146132	90404	31451	47239	15788		0.9753	9753	247	307583		394835	231219	117278	27287	147434	2391	339697	54948	27287			
Spiteful Priest	Exodia Mage	10000	0.9965	9965	35	285597	76312	574136	231243	142205	208	173203	929	282671	18640	77584	74	15	926	0.0035	35	9965	1010338	287	581239	300760	141519	56606	196934	19683	180192	135162	81519			17
Secret Mage	Demon Warlock	10000	0.2548	2548	7452	896096	2247	563858	303441	153409	2281	201886	86826	219416	110476	87575	6166	6166	4	0.7447	7447	2553	811694	206050	733066	234108	151570		196089	12190	270968	83688	41235	12	12	1467
Dragon Priest	Jade Druid	10000	0.7418	7418	2582	941662	82482	704657	265137	156607	5837	163380	3168	331246	23323	87471	104	21	1056	0.2579	2579	7421	1613702		763146	265134	155990	182179	235659	51677	215799	158655	48473			
Big Priest	Big Spell Mage	10000	0.7141	7141	2859	784527	323095	938647	351408	206963	486	194149	36874	147563	186526	123654	1421	1361		0.2835	2835	7165	1218292	18056	946193	332515	205532	26827	208995	18617	316926	82840	110131	6952	8	12
Highlander Priest	Demon Warlock	10000	0.1838	1838	8162	1195811	184021	774123	418254	200099	9457	236415	95652	264595	131600	156424	61	1	691	0.8153	8153	1847	1019825	248644	1060227	319847	199909	57	242887	45872	383181	106480	59949	22	19	2314
Dragon Priest	Midrange Hunter	10000	0.4042	4042	5958	763795	46539	377147	165612	107523		109019	16	202314	9228	59680	1072	995	339	0.5957	5957	4043	739464	1099	356093	156587	109019		109018	1	245707	8585	28356	16237	16237	
Miracle Rogue	Exodia Mage	10000	0.4227	4227	5773	490152	336	600645	322935	146023	1433	281054	116324	287278	161801	40382	40169	178	4	0.5706	5706	4294	768091	331	624533	314715	145116	55411	209269	10542	225758	139542	77410	9	9	4
Miracle Rogue	Jade Druid	10000	0.1004	1004	8996	670733	1758	473097	260989	125773	5908	204218	26445	221141	129831	36346	36126	136		0.8995	8995	1005	689601		596699	199096	126501	126000	189610	8544	190595	106591	34230			
Cube Warlock	Aggro Druid	10000	0.5164	5164	4836	1141349	217525	518920	193958	131037		175112	11005	230707	62463	38808	3743	3743	15066	0.4831	4831	5169	754445		359244	212321	130202	39511	133635	236	284928	56692	39511			
Cube Warlock	Big Spell Mage	10000	0.5436	5436	4564	1145033	275089	720801	259384	177835	1103	216067	70455	346162	77217	61111	6350	6349	18146	0.4556	4556	5444	1349337	16909	797017	291896	175795	24250	189096	8593	268602	75233	97589	5520		6
Aggro Paladin	Token Shaman	10000	0.2221	2221	7779	772820	156	361199	181159	114679	67	127002	385	246358	44614	32163	24145	23259	24	0.7779	7779	2221	728569	13801	404369	198468	116135	1297	134374	216	264358	67406	30216	9700	9621	206
Secret Mage	Exodia Mage	10000	0.5988	5988	4012	604826	1292	544860	297572	140776	1096	201582	69626	235405	105056	73961	5185	5185		0.4009	4009	5991	545640	185	577915	292261	139996	40240	196221	7793	180302	132894	74674			2
Murloc Paladin	Demon Warlock	10000	0.6211	6211	3789	492121	15	443943	218745	133471	6	163749	64163	338885	38733	34494	12740	12740		0.3779	3779	6221	1103135	188494	587120	196800	131105		170429	10522	223415	74310	35494	8	8	1230
Cube Warlock	Midrange Hunter	10000	0.2264	2264	7736	1105136	203068	440235	171510	117862		161033	8016	203140	56067	35261	3241	3241	13010	0.7725	7725	2275	586764	1237	399501	173561	119178		119082	167	268437	9518	33141	17889	17889	
Murloc Paladin	Elemental Priest	10000	0.9778	9778	222	258986	168	331434	168108	105941	10	124183	1224	264397	27762	21323	8206	8206	5	0.0222	222	9778	730475	98781	312900	200998	101897	2106	129785	4211	119861	71512	68742	130	120	139
Zoo Warlock	Demon Warlock	10000	0.6365	6365	3635	678207	25454	462121	228035	140886	10	183433	37168	354254	16792	47924			29041	0.3631	3631	6369	1319077	218756	633179	211083	138496		178265	15560	242491	79930	38635	5	5	1277
Aggro Paladin	Elemental Priest	10000	0.8564	8564	1436	364726	309	396480	192313	121145	25	142848	3129	262486	46395	31269	24750	23905	2	0.1434	1434	8566	864543	115967	408888	245258	118087	3375	151909	5844	160099	86192	82899	435	394	193
Elemental Priest	Token Shaman	10000	0.0616	616	9384	1222351	160726	594731	339583	152077	5646	192766	21536	207806	116420	117419	270	232	439	0.9384	9384	616	511520	14348	567448	272784	154558	2317	178536	1270	346641	85205	47393	12757	12637	270
Secret Mage	Highlander Priest	10000	0.4776	4776	5224	750533	1901	552639	303933	148740	1374	198889	55405	236869	102800	81648	5411	5411	14	0.5224	5224	4776	707325	162598	572198	309972	146329	5151	191302	10328	204158	104055	100459	92	62	272
Cube Warlock	Token Shaman	10000	0.2833	2833	7167	1682671	277424	658787	244398	158964	114	206990	33734	302556	75985	52319	5234	5168	18022	0.7163	7163	2837	960861	18680	579098	287765	159551	2259	180982	7671	362193	92449	53617	13970	13794	286
Spiteful Priest	Jade Druid	10000	0.8369	8369	1631	775154	74692	606861	236907	142694	4501	149605	1824	294438	19553	79123	101	21	699	0.1631	1631	8369	1522343		667317	232184	140857	158534	212086	35824	189497	138397	42889			
Token Shaman	Aggro Hunter	10000	0.6681	6681	3319	762939	9377	377771	183510	108716	1279	125826	85	250236	61868	26655	8796	8744	163	0.3304	3304	6696	736205	258	346549	161256	107568	114	107803		211190	22137	29240	16348	16348	20
Cube Warlock	Spiteful Priest	10000	0.0792	792	9208	1640786	232904	560502	214004	141657		185741	20248	263714	67911	46468	4465	4457	15854	0.9207	9207	793	758354	88676	615544	239197	144280		148241	956	305121	16867	79315	292	214	1760
Aggro Druid	Aggro Hunter	10000	0.5979	5979	4021	674486		264970	158982	97543	23910	102239		225505	43334	23910				0.4001	4001	5999	656975		297859	140814	96727		96727		184907	20001	24771	14336	14336	
Midrange Hunter	Exodia Mage	10000	0.9963	9963	37	183724	710	370867	162276	110837		127527		247386	8543	27732	17638	17638		0.0037	37	9963	671515	148	375873	209737	107614	39104	149043	2426	127099	89702	59979			
Midrange Hunter	Demon Warlock	10000	0.8553	8553	1447	462917	1081	438864	185357	132971	9	131260	3271	287687	10864	40023	18669	18669		0.1444	1444	8556	1205154	200133	576388	196323	131208		166751	22166	221197	73835	37239	7	7	1167
Miracle Rogue	Aggro Druid	10000	0.0889	889	9111	599618	1063	282560	171963	91099	3205	131212	4340	127783	91441	23964	23939	77	2	0.9107	9107	893	352740		264189	157818	93567	21152	97124		224786	40343	21152			
Zoo Warlock	Exodia Mage	10000	0.8623	8623	1377	369967	10329	404761	212582	125075		196149	9020	324554	19044	36793			31699	0.1365	1365	8635	789134	222	461799	252240	122505	46240	171739	3541	150467	107968	73335			306
Murloc Paladin	Spiteful Priest	10000	0.5332	5332	4668	842278		371175	189889	110771		138310	4534	301679	31140	25983	9672	9672		0.4653	4653	5347	748782	41991	382270	172520	109563		111285	20	207745	10679	63347	395	329	307
Cube Warlock	Demon Warlock	10000	0.549	5490	4510	1339637	267961	763349	274423	191093	44	219329	108659	373806	79985	69750	6983	6983	18071	0.4502	4502	5498	1572940	271848	972074	300769	190143		222375	72762	363662	109757	59067	14	14	1999
Dragon Priest	Secret Mage	10000	0.9148	9148	852	429605	63304	476513	193709	123101		126307	353	245176	12113	64328	141	102	589	0.0852	852	9148	949836	1012	410172	234327	121031	1680	151733	18906	172235	81031	67016	3499	3499	
Cube Warlock	Mill Rogue	10000	0.7582	7582	2418	788114	259339	721997	255174	155305		228267	76911	340251	71584	42171	4650	4650	26261	0.24	2400	7600	584099	19074	533632	299364	152270		188230	4729	212324	123594	41205	64913	23708	
Mill Rogue	Demon Warlock	10000	0.5225	5225	4775	483628	19654	611182	332698	184872	8	216564	23814	246805	140706	48284	68857	20573		0.4692	4692	5308	952769	250624	981539	301254	187373		238820	175807	378587	93896	50340	7	7	2566
Spiteful Priest	Highlander Priest	10000	0.9928	9928	72	380261	61052	541384	216622	133012	10	140921	123	276214	14390	71015	67	17	697	0.0071	71	9929	1037944	126692	469429	269843	129058	4163	168070	7437	171793	91121	90761	30		245
Elemental Priest	Mill Rogue	10000	0.3615	3615	6385	965604	170738	834993	416272	180614	9674	246453	132830	315996	134207	120926	469	405	599	0.6344	6344	3656	424938	26206	660943	353877	178564	125	221366	8826	268933	139435	45722	73967	28254	25
Murloc Paladin	Tempo Rogue	10000	0.7308	7308	2692	659510		313591	165647	102021		112019	110	270741	26853	23973	7784	7784		0.2684	2684	7316	658633	3909	333896	170307	100663	7	101482	3	250520	26549	26128	26599	679	
Big Priest	Cube Warlock	10000	0.594	5940	4060	1029795	308603	886521	332694	194560		187143	20391	126085	174506	115795	1147	1147	128	0.4045	4045	5955	1329634	300925	821843	298765	195496		236940	78424	393295	84446	68886	6513	6513	21345
Mill Rogue	Midrange Hunter	10000	0.0034	34	9966	442213	5457	252076	162779	92173		112101	117	108330	70597	25647	36997	11350		0.9965	9965	35	219368	650	328701	153266	95206		115165	58	251634	6735	20586	14168	14160	
Miracle Rogue	Mill Rogue	10000	0.6469	6469	3531	471315	404	575291	302219	132459	3	258753	54746	294774	140943	33029	34371	1342	2	0.3526	3526	6474	505588	10605	460569	262415	130031		165286	551	217335	103994	36059	54441	18382	
Dragon Priest	Highlander Priest	10000	0.9881	9881	119	427786	67220	607916	234652	142755	4	150711	150	301921	15815	75673	66	10	1008	0.0118	118	9882	1089830	139696	522555	295625	139006	4856	180527	10086	188022	98469	100644	26	2	311
Dragon Priest	Exodia Mage	10000	0.9946	9946	54	324999	82343	651629	252427	151827	280	184928	1318	314571	20477	82239	82	31	1242	0.0053	53	9947	1046893	211	648266	328454	152485	61140	211644	27502	197065	149282	87562	1		25
Token Shaman	Demon Warlock	10000	0.7163	7163	2837	773264	20837	614631	297737	180266	2178	194085	36914	383992	88879	64474	16290	16088	270	0.2831	2831	7169	1784839	262640	895801	281440	179615	159	209871	72130	328702	103264	55066	80	25	1875
Token Shaman	Spiteful Priest	10000	0.2576	2576	7424	1295505	9525	487087	237627	135535	1737	155146	2142	316053	77001	39725	11704	11578	244	0.7423	7423	2577	974242	59199	564359	231906	136871	400	142323	712	285078	17558	80547	674	579	678
Elemental Priest	Spiteful Priest	10000	0.0117	117	9883	1041009	130189	468805	270346	128592	4180	164873	5585	170088	93368	90445	24		254	0.9881	9881	119	383044	60146	536555	214883	132514	8	140538	115	273605	14315	70572	66	13	904
Spiteful Priest	Midrange Hunter	10000	0.5194	5194	4806	721288	46434	361169	163226	105536		107237		199996	8603	58819	900	834	352	0.4803	4803	5197	799682	1189	339645	151970	105934		105934		236738	8599	27973	15917	15917	
Dragon Priest	Murloc Paladin	10000	0.3633	3633	6367	751401	39507	380191	169318	108813		110197	22	202209	10840	62819	411	339	359	0.6357	6357	3643	742687		370805	188484	110887		138167	4924	299405	31060	25182	9484	9484	
Big Priest	Highlander Priest	10000	0.8994	8994	1006	616978	263718	943070	335174	200675	42	199496	7438	148141	171832	112030	1171	1171	24	0.0986	986	9014	1068407	132042	831155	428791	200195	10484	244277	63088	283548	132029	150794	144	33	758
Dragon Priest	Aggro Hunter	10000	0.6072	6072	3928	668726	46941	360046	160274	105365		106853		204072	8889	56973	849	796	346	0.3926	3926	6074	733539		337939	156143	105332		105333		205689	21580	27821	15727	15727	
Highlander Priest	Exodia Mage	10000	0.4144	4144	5856	934620	181131	810494	418314	184140	10013	253473	149932	281163	139984	133016	85		665	0.576	5760	4240	693418	4520	881547	417638	187617	55431	258093	62055	268341	193684	100476			55
Murloc Paladin	Mill Rogue	10000	0.9945	9945	55	211790		336067	177166	97395		124153	1456	292392	25942	16367	7026	7026		0.0055	55	9945	449103	5223	261684	167606	93948		114423	236	110974	72778	26326	38135	11809	
Zoo Warlock	Midrange Hunter	10000	0.4336	4336	5664	758295	2508	302655	164508	96693		136295	37	259856	15538	24850			23504	0.566	5660	4340	638985	1704	291262	136419	96165		96163	3	213192	7324	24391	14364	14364	
Tempo Rogue	Midrange Hunter	10000	0.3055	3055	6945	672244		323390	164176	97127		97250	1	246017	24917	24028	24114	289		0.6944	6944	3056	636409	1594	301838	139025	97729		97729		224805	7469	24396	14169	14169	
Big Priest	Demon Warlock	10000	0.7755	7755	2245	982450	318653	990165	377743	216233	15	200005	47505	159339	198969	134732	1823	1823	6	0.2225	2225	7775	1551491	279755	1125434	341586	216639		238018	129194	427746	119072	70910	39	39	2335
Aggro Paladin	Aggro Hunter	10000	0.5491	5491	4509	560923		265407	138010	92619		98716		199139	33528	22191	15876	15641		0.4488	4488	5512	585040		276303	132698	91788		91788		181962	19040	23011	13428	13428	
Aggro Druid	Highlander Priest	10000	0.8953	8953	1047	428506	229	369041	217010	134452	40743	138348	7	286459	55917	40741			3	0.1045	1045	8955	1013459	154777	472605	279064	132477	4633	170524	29025	173548	92915	97474	42		313
Big Priest	Midrange Hunter	10000	0.1374	1374	8626	598738	156750	315023	150438	103265		102356	2342	35944	77822	61249	207	207		0.8622	8622	1378	263951	713	339142	148952	106782		106638	253	226881	8240	27746	15365	15362	
Aggro Hunter	Demon Warlock	10000	0.5925	5925	4075	550223	3	412223	187315	129309	3	129099	323	240398	26214	40242	18384	18384		0.4048	4048	5952	1060478	192035	570988	192286	128735		169026	8209	226003	70881	33731	4	4	1248
Elemental Priest	Cube Warlock	10000	0.186	1860	8140	1233019	204735	721755	391096	174970	7695	218176	31693	242831	134184	132817	162	108	1062	0.8132	8132	1868	958730	271014	777882	275753	176760	66	233535	24820	343414	78563	57206	5711	5710	21475
Big Priest	Tempo Rogue	10000	0.321	3210	6790	830881	209118	486027	207096	132016		130537	3921	73611	107563	79926	357	357		0.6783	6783	3217	409771	4776	500405	233948	134619		134581	1077	342240	33367	38946	37417	143	
Aggro Paladin	Demon Warlock	10000	0.417	4170	5830	550320	12	480560	222060	138452	4	172241	56592	283978	58026	39828	34989	33220		0.5822	5822	4178	1097348	194501	636931	208566	136946		182200	5968	250767	77227	35919	3	3	1356
Big Spell Mage	Jade Druid	10000	0.4054	4054	5946	1240084	15072	753746	277596	168581	26429	182480	4259	255631	71271	92535	5212		5	0.5919	5919	4081	907807		854572	279545	171883	216572	245388	191526	226274	164386	53516			
Aggro Paladin	Jade Druid	10000	0.3741	3741	6259	658718		426675	204866	124098		154171	11236	275019	50972	33545	28126	26993		0.6257	6257	3743	922901		569631	192424	123881	127748	187046	11746	171822	111127	34555			
Mill Rogue	Aggro Hunter	10000	0.0174	174	9826	468062	6031	277320	175024	97242		118552	192	127291	75022	26835	39065	12230		0.9806	9806	194	295186		370306	169461	100096		121471	51	247306	20937	21933	14833	14833	
Tempo Rogue	Aggro Druid	10000	0.5969	5969	4031	661849	837	377647	183983	107180	3586	108043	4	275366	27744	27275	27233	97		0.4027	4027	5973	861682		288741	173577	106300	28454	109184		246138	47306	28454			
Big Spell Mage	Aggro Druid	10000	0.4754	4754	5246	1165476	15207	604214	231954	144601	22710	156979	4661	209902	58448	79837	4103			0.5242	5242	4758	570847		392824	225303	145021	46259	147037	5008	306260	63392	46259			
Zoo Warlock	Aggro Druid	10000	0.7128	7128	2872	722261	2745	322871	173136	102634		145187	85	272388	15949	26682			24638	0.2872	2872	7128	796171		268994	163262	100334	26407	102387	6	228583	44645	26407			
Murloc Paladin	Exodia Mage	10000	0.9569	9569	431	175765		359973	177456	109855		156469	19040	272609	31924	16739	10133	10133		0.0418	418	9582	652295	120	365344	209364	106697	38304	147565	2233	124362	87235	63137			
Murloc Paladin	Aggro Druid	10000	0.7664	7664	2336	630415		325256	171529	108609		112949	238	271484	28219	26641	8288	8288		0.2326	2326	7674	785634		282074	171883	106586	29415	108890		236392	46865	29415			
Miracle Rogue	Aggro Hunter	10000	0.1036	1036	8964	532023	56	255960	160245	86893	6	120274	1144	124354	84059	22750	22842	288		0.8949	8949	1051	346804		282314	132858	89010		89010		192917	17855	19759	12035	12035	
Cube Warlock	Jade Druid	10000	0.2865	2865	7135	1662180	311086	752221	275238	176760		224724	46612	354900	82668	60987	6084	6084	19586	0.713	7130	2870	1261826		912701	314484	178560	216802	269656	90909	250244	189089	56100			
Token Shaman	Exodia Mage	10000	0.9809	9809	191	323416	17996	563009	274198	148024	2097	195115	9061	318224	97541	42246	13943	13835	195	0.0184	184	9816	977908	409	616613	321946	148146	59376	206791	19615	191783	142758	90410	9	8	52
Zoo Warlock	Elemental Priest	10000	0.8704	8704	1296	469862	8807	387667	200541	117436		167366	681	312575	17038	33869			28054	0.1296	1296	8704	874732	142182	383974	234437	113855	3010	148265	2299	145036	82398	78172	14		610
Zoo Warlock	Big Priest	10000	0.7063	7063	2937	512964	18674	413006	214250	126970		176586	8087	328910	17585	39756	4	4	29176	0.2931	2931	7069	762946	210444	435062	193364	124018		122884	3071	52396	99700	76928	325	325	48
Aggro Paladin	Secret Mage	10000	0.7917	7917	2083	363861		326097	162658	105815		118228	132	220138	39163	26629	19797	19393		0.2083	2083	7917	717146	735	314899	193487	103520	1264	121944	4834	147239	66020	58582	2354	2353	
Aggro Paladin	Tempo Rogue	10000	0.394	3940	6060	705374		304823	156587	101049		110981	38	223747	38174	26663	19483	18994		0.606	6060	3940	590509	4033	346941	174574	101536	20	102378	3	267295	26906	25597	26089	668	
Big Priest	Spiteful Priest	10000	0.1278	1278	8722	929918	191829	543781	227458	142145		137365	14455	66202	119841	86340	532	532		0.8712	8712	1288	436070	54397	621874	234002	145223	13	145951	3831	296821	19084	75766	154	61	950
Tempo Rogue	Token Shaman	10000	0.3576	3576	6424	841948	3337	448376	215958	121823	271	122820	120	322261	31001	32859	33264	698	35	0.6424	6424	3576	995679	12324	437247	214255	122027	1460	141279	478	291934	70716	33733	10335	10242	173
Big Priest	Jade Druid	10000	0.2845	2845	7155	1063059	290815	814326	311874	183976		175691	24742	112379	164015	109898	1113	1113		0.7151	7151	2849	928431	1044	931943	326575	186351	219106	273477	85455	259761	188556	61270	13	13	
Spiteful Priest	Demon Warlock	10000	0.9611	9611	389	582567	101712	687028	264192	161092	11	162116	6881	335648	21153	93178	123	37	733	0.0386	386	9614	1758485	219782	743686	244669	159274	3	187807	67566	281987	91878	49652	11	11	1402
Aggro Paladin	Murloc Paladin	10000	0.184	1840	8160	648312		283770	148470	98394		104201	78	204056	36463	26770	18387	17873		0.8159	8159	1841	524531		298278	157968	100383		106053	23	256986	26023	22696	7563	7563	
Miracle Rogue	Midrange Hunter	10000	0.0275	275	9725	511097	15	229040	148689	81878	6	110836	699	105636	79770	21137	21243	262		0.9725	9725	275	253637	885	251302	121259	84752		84752		198776	5864	18444	11480	11475	
Big Spell Mage	Token Shaman	10000	0.2965	2965	7035	1431936	15191	682394	260507	157790	21500	169510	5809	232729	66673	90609	4648	7	36	0.7034	7034	2966	629094	14754	555799	268216	159709	1719	178130	14632	353085	83108	52245	14315	14169	223
Big Spell Mage	Mill Rogue	10000	0.7959	7959	2041	823282	13668	887297	312723	182249	31029	218148	46457	339254	71507	88081	6618	3	95	0.1993	1993	8007	486352	23186	589867	324839	180427		209168	28465	238767	137123	46697	68406	21709	
Big Priest	Token Shaman	10000	0.3836	3836	6164	1066708	260814	696449	281879	166415	40	161109	16483	94837	144871	106243	812	754	26	0.6155	6155	3845	681127	9747	610801	290854	167688	1741	187003	10937	366250	91294	52575	13804	13605	206
Mill Rogue	Exodia Mage	10000	0.9013	9013	987	250445	24424	671583	362597	168666		241252	26385	269305	148935	44031	72801	28770		0.0972	972	9028	718246	288	785853	375510	174825	62048	258356	196127	262144	169728	83523			18
Miracle Rogue	Cube Warlock	10000	0.1605	1605	8395	763201	6125	485762	271537	131901	221	211514	27863	232985	132472	39166	38543	157	2455	0.8389	8389	1611	892428	228493	564055	205590	132587		184460	3558	274282	62395	36434	3789	3789	19501
Zoo Warlock	Token Shaman	10000	0.5444	5444	4556	948308	10783	403266	210140	119574	190	169738	1415	328536	18276	35144	7	4	28763	0.4556	4556	5444	970333	12214	415678	204220	118360	1488	135643	574	277900	66265	32791	9879	9776	305
Big Spell Mage	Spiteful Priest	10000	0.085	850	9150	1381298	10748	589114	232524	146544	17946	155553	5469	204011	57635	82934	3836			0.9149	9149	851	499887	85520	625097	241271	149593	763	151498	3488	310605	17630	83291	235	30	623
Miracle Rogue	Token Shaman	10000	0.035	350	9650	688475	2743	354145	208282	105201	87	154721	5593	164196	105912	28842	29397	724	24	0.9649	9649	351	448074	10239	388151	186339	107335	1336	125826	149	257229	61636	23131	8565	8504	188
Zoo Warlock	Highlander Priest	10000	0.8668	8668	1332	475667	9052	391696	202755	118953	11	169661	601	315416	17050	34598	1		28500	0.1332	1332	8668	882135	140684	390755	237110	115248	3105	152345	3833	147778	81475	80007	20		599
Miracle Rogue	Secret Mage	10000	0.2846	2846	7154	457518	163	381856	217717	111003	1183	166312	6711	174648	109052	31179	31141	96	12	0.7152	7152	2848	602509	824	376846	217628	111394	1288	134020	8266	187084	73167	56621	2695	2695	2
Token Shaman	Aggro Druid	10000	0.761	7610	2390	835008	15786	434071	212472	123496	1588	143023	611	271935	72083	33555	10310	10232	200	0.2388	2388	7612	936973	276	334897	199910	121675	35743	124747	31	272303	54353	35495	9	8	43
Big Priest	Miracle Rogue	10000	0.6146	6146	3854	745626	241428	618529	236661	150643		150357	1223	112206	120441	84654	430	430		0.3848	3848	6152	598528	10927	596291	316446	152721		254979	55676	284149	148595	47210	45066	236	
Aggro Hunter	Jade Druid	10000	0.4449	4449	5551	609267		380938	172982	114852		114852		226158	22961	32099	17332	17332		0.5538	5538	4462	865205		504968	171689	115108	112317	170203	5916	149110	97912	31635			
Elemental Priest	Midrange Hunter	10000	0.0194	194	9806	727443	104334	306767	192905	99698	1997	127073	1446	119032	68940	63343	319	307	113	0.9805	9805	195	271644	822	335604	146853	104050		104082		228794	7854	25722	14999	14992	1
Elemental Priest	Highlander Priest	10000	0.5572	5572	4428	1013740	183146	862366	455274	203341	9325	248760	47444	296063	146227	157264	85	1	858	0.4425	4425	5575	1028385	177380	849750	446965	203482	10249	253099	66622	299498	135891	156359	96		779
Jade Druid	Demon Warlock	10000	0.5138	5138	4862	1103636	9	918062	298276	184360	241667	250958	306303	241608	174629	59474			1	0.485	4850	5150	1478595	257189	930265	289090	182024		218888	54969	347489	105057	55312	15	15	1935
Dragon Priest	Tempo Rogue	10000	0.6844	6844	3156	853810	54438	448461	190317	118118		120259	17	247265	11913	65321	121	42	504	0.3156	3156	6844	865142	5183	435062	207750	118312		118773	13	309028	30301	31867	31091	120	3
Secret Mage	Spiteful Priest	10000	0.0555	555	9445	933553	756	375321	216258	114008	1520	140274	13660	157299	74859	62803	3014	3014	11	0.9445	9445	555	386062	58564	431784	181579	116634		120066	471	228901	11013	60854	120	87	451
Tempo Rogue	Aggro Hunter	10000	0.5608	5608	4392	600912	32	323995	163667	96646	9	96734		252586	24941	23206	23316	295		0.4354	4354	5646	674381		296572	140071	95806		95806		191824	19745	24280	14198	14198	
Big Priest	Exodia Mage	10000	0.9269	9269	731	520294	279539	945814	334334	197286	16	225503	18938	133509	179055	108140	1171	1171		0.0726	726	9274	873727	7846	959205	445258	205069	65184	262802	131418	275764	215165	104410	55	55	
Mill Rogue	Spiteful Priest	10000	0.0113	113	9887	614938	13003	399024	234909	123577		152490	3164	163095	98775	34311	51789	17478	5	0.9884	9884	116	336672	52195	523847	211519	125933		157034	2955	287633	13215	60172	530	459	1226
Token Shaman	Jade Druid	10000	0.5758	5758	4242	1061793	26959	589534	290993	158483	3083	183695	8177	353883	96509	52375	14133	13911	292	0.4239	4239	5761	1535952	718	791993	271630	158479	185707	242704	53778	229673	163021	47793	17	15	68
Dragon Priest	Cube Warlock	10000	0.8704	8704	1296	873929	100777	709473	266215	158361		161909	1465	341576	19469	87628	386	276	2116	0.1293	1293	8707	1760786	264213	637807	239771	156567		202024	30695	299423	74378	52750	5096	5080	17376
Highlander Priest	Jade Druid	10000	0.0469	469	9531	1107323	170905	644374	352019	159857	8401	209554	25058	224890	116982	119321	45		476	0.9528	9528	472	600777	866	829948	277161	162765	185470	249165	35418	233301	154694	48657			8
Aggro Druid	Jade Druid	10000	0.3601	3601	6399	786035		366400	214642	130711	39724	134724	46	282976	57472	39724				0.6398	6398	3602	1027892		622528	209285	131801	141087	199898	20712	174997	121626	37203			
Aggro Paladin	Highlander Priest	10000	0.8651	8651	1349	373014	206	402060	195010	122530	21	144158	2312	265969	46744	31874	25288	24441	3	0.1347	1347	8653	877215	113731	415079	247303	119590	3885	157179	9638	164604	84305	84147	408	376	217
Tempo Rogue	Elemental Priest	10000	0.8828	8828	1172	392230	5847	494182	230964	131400	7	132269	21	342785	32185	36816	35760	141		0.1168	1168	8832	1030019	145366	466492	271723	128277	4108	164892	6526	181326	94134	90353	46	21	252
Aggro Paladin	Aggro Druid	10000	0.3602	3602	6398	668099		306832	157866	104459		108755	138	216056	38950	28679	19744	19142		0.6392	6392	3608	637989		280590	169793	105258	27970	107952		237217	46237	27970			
Aggro Paladin	Big Priest	10000	0.7537	7537	2463	312306	476	378577	180755	114566		143493	17377	241367	45102	25758	23992	22968		0.2458	2458	7542	664680	166651	359324	168063	110973		110663	665	54817	85876	68812	183	183	
Tempo Rogue	Secret Mage	10000	0.8368	8368	1632	388344	81	403570	191530	111139	304	111639	32	286748	28873	27675	27670	68	5	0.1631	1631	8369	851502	1101	343997	205978	108670	1576	130076	7000	157610	70825	60748	2597	2597	
Aggro Hunter	Exodia Mage	10000	0.9539	9539	461	282387		405173	180442	115282		133382		241476	24317	29361	18427	18427		0.0461	461	9539	699171	145	408980	222644	112657	40160	157198	2829	145899	96496	61805			
Miracle Rogue	Demon Warlock	10000	0.1914	1914	8086	702940	5987	535117	307782	156135	333	253362	66224	267411	151976	51080	49895	176	2186	0.8077	8077	1923	1051555	223767	772494	246977	155086		201858	13323	313370	83763	41027	5	5	1818
Miracle Rogue	Spiteful Priest	10000	0.0392	392	9608	710842	5733	329233	195255	100393	3	144936	3957	150070	100091	28030	27441	142	1	0.9608	9608	392	393358	46400	356113	158901	102381		105785		211329	11209	50124	42	10	364
Big Priest	Aggro Hunter	10000	0.2441	2441	7559	615327	177346	368658	165534	111991		111352	1527	54591	85867	65417	259	259		0.7549	7549	2451	356776	569	372752	167873	114629		114541	151	220055	22018	31240	16429	16429	
Zoo Warlock	Miracle Rogue	10000	0.9603	9603	397	378351	591	277193	152610	90051		126378	5	250154	14625	20188			21909	0.0397	397	9603	570316	2831	253115	160117	87083	53	118460	756	116433	84764	22820	22739	68	1182
Zoo Warlock	Secret Mage	10000	0.8622	8622	1378	432111	1839	328035	171576	102321		143518	24	271855	15962	25270			22842	0.1378	1378	8622	751600	793	293329	181681	99127	1456	115463	3237	128574	61583	56036	2138	2138	53
Aggro Paladin	Exodia Mage	10000	0.8613	8613	1387	259907		430351	201058	119177		171119	36596	265550	51987	25023	27451	26702		0.1368	1368	8632	717544	278	429059	236257	116648	42144	162664	3661	154261	101595	67969	47		
Elemental Priest	Secret Mage	10000	0.5215	5215	4785	705616	163263	568866	309646	145077	4497	184643	6208	199381	108327	98952	75	53	287	0.4785	4785	5215	741644	2423	543981	299597	147456	1570	195331	50048	232922	101465	80825	5174	5172	11
Tempo Rogue	Spiteful Priest	10000	0.22	2200	7800	887082	4305	398027	193932	111598		112083	1	287827	29109	29483	28866	107	1	0.78	7800	2200	764988	50662	406907	179578	112182		114539	1	232129	10907	62031	94	30	405
Zoo Warlock	Jade Druid	10000	0.6282	6282	3718	803861	13563	442917	225863	127706		182692	3399	350491	18409	39063			30316	0.371	3710	6290	1171335		578737	197796	125775	133391	190042	17706	167334	116321	36014			
Secret Mage	Jade Druid	10000	0.1241	1241	8759	847306	1287	498350	276221	137398	2286	178433	40478	205434	96440	76570	4596	4596		0.8757	8757	1243	581818		655647	216723	137998	134202	200081	10996	172923	122838	39542			
Mill Rogue	Jade Druid	10000	0.1071	1071	8929	494299	16556	499255	282434	143844		177902	4223	200362	116731	39677	61411	21734		0.8919	8919	1081	529304		756607	249912	146761	151221	242165	83242	232227	129960	39378			
Cube Warlock	Exodia Mage	10000	0.8231	8231	1769	856688	302457	777238	275227	170967		240569	74257	352852	85316	52245	5988	5988	21019	0.1719	1719	8281	994284	3709	784218	382257	174007	67736	236852	48293	230122	178898	97739			356
Murloc Paladin	Big Spell Mage	10000	0.7581	7581	2419	373588		395609	196920	119621		148307	22954	310254	33937	28968	10868	10868		0.2416	2416	7584	957870	7527	428208	179255	116545	12883	127395	198	154402	44373	64837	2454	1	
Secret Mage	Mill Rogue	10000	0.7549	7549	2451	561046	1132	472799	265406	123707	1304	176737	32491	236347	88204	58941	3650	3650	16	0.245	2450	7550	337416	7960	385343	225907	121216		149238	500	155046	94804	34796	50969	16173	
Mill Rogue	Highlander Priest	10000	0.6896	6896	3104	412314	24444	659527	352548	177535	62	220745	7643	267847	139090	45589	73457	27868	19	0.3061	3061	6939	961919	161356	825980	408150	179767	9820	250152	157252	318932	124747	119681	385	311	609
Zoo Warlock	Big Spell Mage	10000	0.7054	7054	2946	540886	15249	417924	210310	126724		173350	11748	332365	16673	39422	1		28086	0.2946	2946	7054	1076281	6701	474895	193788	123794	15008	135995	1013	168739	49210	68022	2647		4
Zoo Warlock	Cube Warlock	10000	0.664	6640	3360	800036	15504	431038	222126	126828		177426	7065	345251	18026	39317			29525	0.3348	3348	6652	1246404	227521	485040	185903	125130		170269	8584	224066	60832	38061	3679	3679	14344
